MAE_Cost,RMSE_Cost,WAPE_Cost_%,MAE_N44,MAE_N70,Pair,Technique,Weight_A
5508.813912515351,13604.83669228561,0.7551270470627397,0.295448136619293,0.15538389255095775,M4(GRU) + M5(MLP),E1 (Optimal Weight),0.7848263746072112
5592.462706506547,15103.971877258851,0.779840385602293,0.25545277762774593,0.14112182862959516,M2(LGB) + M4(GRU),E1 (Optimal Weight),0.25303128024375515
5689.6962188332955,19718.237156265845,0.7783167404023716,0.271278325221563,0.13829257449291144,M3(CatB) + M4(GRU),E1 (Optimal Weight),0.2515467236944362
6489.758803168609,21228.676663178165,0.9122587794980858,0.2877782423655338,0.1349321043440608,M3(CatB) + M4(GRU),E0 (Simple Avg),
6592.7945290664875,14955.907782003254,0.9464339876489287,0.2808287932902566,0.13909429267115608,M2(LGB) + M4(GRU),E0 (Simple Avg),
6615.335613336084,11978.165575952029,0.9208434794143177,0.3234224270543746,0.15742997655320978,M4(GRU) + M5(MLP),E0 (Simple Avg),
9335.425896133595,21489.47641521828,1.2352823784942875,0.34463342193916935,0.1477956972115336,M1(RF) + M4(GRU),E1 (Optimal Weight),0.19043065171959206
9508.979636126163,18854.04972758146,1.2954685504235754,0.3733938120536082,0.1464132519917947,M3(CatB) + M5(MLP),E0 (Simple Avg),
9532.095446678415,17063.61200907275,1.2705003798394587,0.3558766267994828,0.151357016644537,M2(LGB) + M5(MLP),E0 (Simple Avg),
9574.891379516268,21737.05880017531,1.330179862863736,0.34157836176264994,0.1291575809494017,M2(LGB) + M3(CatB),E0 (Simple Avg),
9598.652776224604,21503.73722384432,1.3343672800095625,0.34245097212341596,0.1292633729741736,M2(LGB) + M3(CatB),E1 (Optimal Weight),0.5337939657507468
9638.933281518854,18389.813734682026,1.314545259462662,0.3752278624570364,0.14708035198416117,M3(CatB) + M5(MLP),E1 (Optimal Weight),0.4917422861580323
9671.48660462687,16610.521544067862,1.2878393720063068,0.3587434779446257,0.1527238019362929,M2(LGB) + M5(MLP),E1 (Optimal Weight),0.45407344037754943
13873.929964073403,33389.38287262529,1.8755866187969252,0.43429211498758785,0.1379659054358595,M1(RF) + M3(CatB),E1 (Optimal Weight),0.1830865360748273
14067.85544906431,20481.48635633322,1.8534740352328327,0.4674151843032195,0.16542789925304766,M1(RF) + M5(MLP),E1 (Optimal Weight),0.17912272541793695
14656.618805796437,26892.75606478668,1.9906971330431187,0.4410607258468535,0.14288361802965646,M1(RF) + M2(LGB),E1 (Optimal Weight),0.16666666666666666
19931.559578609213,29686.778511658234,3.0629350123253443,0.5852718335851318,0.15411036890687904,M1(RF) + M4(GRU),E0 (Simple Avg),
21193.322639789247,28156.412303931716,3.1470029925240772,0.6255588625142955,0.16560635520289993,M1(RF) + M5(MLP),E0 (Simple Avg),
22505.598123242915,36498.62813574648,3.3865300144870516,0.6290104011923608,0.14817001181089653,M1(RF) + M3(CatB),E0 (Simple Avg),
24150.45221659502,33878.33885072808,3.6523613359675635,0.6546732640790988,0.1497407481191846,M1(RF) + M2(LGB),E0 (Simple Avg),
