employee_id,month,N44,N70,m1_p44,m1_p70,m2_p44,m2_p70,m3_p44,m3_p70,m4_p44,m4_p70,m5_p44,m5_p70,department,pred_n44_s2,pred_n70_s2,actual_cost,pred_cost,error_cost,abs_error_cost,segment,has_au
40997218,2026-08,0.0,19.0,4.3265958736332095,17.762299621453952,0.10953399895683585,19.248368868114586,6.358678576682513,18.07481768570963,19.800797,10.887202,0.69422644,18.242676,20.DFO- 987,13.658560345824494,13.782143254037614,1330000.0,1565726.6829989105,235726.68299891055,235726.68299891055,Ăn nhiều (>=800k),True
3640,2026-08,1.0,20.0,5.114826692424293,18.558984057746294,1.6919404117803347,19.92053959627893,4.899265248206149,18.77085654745216,18.982489,13.719504,1.0573084,18.812906,04.Hull Structural,13.002105794203203,15.780759798234222,1444000.0,1676745.8408213365,232745.8408213365,232745.8408213365,Ăn nhiều (>=800k),True
3542,2026-07,0.0,21.0,5.986954677907911,19.437195747972307,0.1280276547487536,20.546405489702487,9.5611660474916,19.609155891009994,27.05445,9.3953905,0.8922834,21.102179,14.Team13,8.72457616832015,18.018065242570454,1470000.0,1645145.9183860184,175145.91838601837,175145.91838601837,Ăn nhiều (>=800k),True
1615,2026-08,17.0,0.0,15.940705729978907,0.8917292154471061,16.27803710517767,-0.0065901593307728015,15.320593024127957,-0.1920296242512173,4.123083,4.687277,17.27172,0.26356453,04.COM-E,8.654557529679241,2.852914318068228,748000.0,580504.5335706626,-167495.4664293374,167495.4664293374,Ăn vừa (300k - 800k),False
3485,2026-07,0.0,20.0,6.044330524319561,18.664727275370453,0.13292275059373773,19.486838729236315,8.470174710428648,18.87621400324157,29.138098,5.872336,1.087144,20.180693,02.Team02,8.974533953124602,16.616161718274988,1400000.0,1558010.8142167318,158010.81421673181,158010.81421673181,Ăn nhiều (>=800k),True
4274,2026-08,16.0,0.0,14.910061338277929,0.9767375723697073,15.442485471008137,0.0014306504718371118,14.21089762070234,-0.07300354757091393,5.7537303,3.2361848,16.121529,0.52677995,03.QaQc,9.252884652070007,2.005350286066127,704000.0,547501.4447157092,-156498.5552842908,156498.5552842908,Ăn vừa (300k - 800k),False
41003428,2026-07,0.0,1.0,1.2119023879257405,5.589292404630668,0.43762064757615765,1.5591796591933391,-1.0091875897500167,3.37045755871026,-0.38223174,2.0348701,-0.19668533,3.0974255,,0.012283674905724455,3.1302450462109555,70000.0,219657.63493061875,149657.63493061875,149657.63493061875,Ăn ít (<300k),True
3236,2026-07,3.0,23.0,1.827878310624593,20.1147586580899,2.023669271757857,20.809906909956137,2.094205700307299,21.12873836224985,0.092578195,23.581808,2.7248905,22.719223,12.Team11,1.7526443896459938,21.67088700859336,1742000.0,1594078.443745959,-147921.55625404092,147921.55625404092,Ăn nhiều (>=800k),True
3125,2026-07,9.0,8.0,14.724548398183037,8.831095318744849,13.061843021291997,8.317698090335963,14.676661386566403,6.704011960513445,21.6987,0.009878557,9.434933,8.437016,15.Team14,14.71933709319071,6.459939892043384,956000.0,1099846.6245434282,143846.6245434282,143846.6245434282,Ăn nhiều (>=800k),True
3809,2026-07,0.0,20.0,4.887750603392694,18.845280388924316,0.1179098809822768,19.08365598220046,7.316336011427136,18.977768477764933,15.090282,14.682895,0.78322524,20.28697,06.PIPE & MACH,5.639100834862173,18.375313938833116,1400000.0,1534392.412452254,134392.41245225398,134392.41245225398,Ăn nhiều (>=800k),True
